,car_number,stage,post_choose
0,11,1,15.333333333333334
1,11,2,16.363636363636363
2,11,3,14.307692307692308
3,19,1,23.0
4,19,2,10.1
5,19,3,17.272727272727273
6,20,1,25.0
7,20,2,17.6
8,20,3,15.923076923076923
9,23,1,29.0
10,23,2,18.90909090909091
11,23,3,16.076923076923077
12,45,1,20.0
13,45,2,21.11111111111111
14,45,3,15.333333333333334
15,54,1,25.333333333333332
16,54,2,14.88888888888889
17,54,3,15.88888888888889
