,car_number,stage,post_choose
0,11,1,18.166666666666668
1,11,2,7.066666666666666
2,11,3,6.565217391304348
3,19,1,9.5
4,19,2,13.4
5,19,3,11.0
6,20,1,8.333333333333334
7,20,2,11.357142857142858
8,20,3,10.1
9,23,1,12.666666666666666
10,23,2,14.333333333333334
11,23,3,12.5
12,45,1,6.333333333333333
13,45,2,14.2
14,45,3,12.727272727272727
15,54,1,16.833333333333332
16,54,2,13.333333333333334
17,54,3,14.863636363636363
